445188,University of California-Merced,8
446792,Sanford-Brown College-Las Vegas,8
446808,Sanford-Brown College-Seattle,8
446048,Ave Maria University,5
446668,The Art Institute of Ohio-Cincinnati,3
447458,SAE Expression College,8
447272,Argosy University-Los Angeles,8
117557,Lincoln University,8
210492,Bryn Athyn College of the New Church,2
441982,Franklin W Olin College of Engineering,1
456348,Argosy University-Phoenix Online Division,6
459842,Herzing University-Kenosha,3
468015,South University-The Art Institute of Fort Worth,6
449038,Strayer University-Florida,5
450298,Strayer University-Delaware,2
453215,Strayer University-New Jersey,2
458885,Strayer University-Arkansas,5
458955,Strayer University-Mississippi,5
460738,American Sentinel University,7
461795,North American University,6
470092,The Art Institute of Wisconsin,3
139287,Carver Bible College,5
475608,Criswell College,6
475732,Chamberlain University-Georgia,5
489788,Kaplan University-Milwaukee,3
484905,University of North Texas at Dallas,6
484622,University of Phoenix-Arkansas,5
485078,Trine University-Arizona Regional Campus,6
484668,University of Phoenix-Florida,5
484695,University of Phoenix-Michigan,3
484738,University of Phoenix-Oklahoma,6
485272,West Coast University-Miami,5
484765,University of Phoenix-Virginia,5
488332,Hope College of Arts and Sciences,5
483018,Antioch College,3
486488,California Jazz Conservatory,8
486938,Chamberlain University-Nevada,8
486965,Hussian College-Relativity Campus California,8
487375,Arizona College-Las Vegas,8
212452,Faith Theological Seminary,2
460075,California University of Management and Sciences,8
481225,Mid-South Christian College,5
480912,Gemini School of Visual Arts & Communication,6
481058,Grace Mission University,8
482228,Virginia Baptist College,5
482538,DeVry University-Missouri,4
482565,DeVry University-North Carolina,5
482608,DeVry University-Pennsylvania,2
481438,Yeshiva Yesodei Hatorah,2
482635,DeVry University-Texas,6
482398,The Art Institute of St Louis,4
482422,DeVry University-Arizona,6
482158,Middle Georgia State University,5
482705,Northeastern University Professional Advancement Network,1
482468,DeVry University-Georgia,5
475398,Catholic Distance University,5
458982,The Art Institute of San Antonio,6
459268,South University-Virginia Beach,5
476692,Yeshiva Gedolah Zichron Leyma,2
480082,South University-Cleveland,3
476975,Colorado State University-Global Campus,7
480198,Warner Pacific College Adult Degree Program,8
182917,Northeast Catholic College,1
449348,Huntsville Bible College,5
449658,Bais Medrash Toras Chesed,2
452018,The Art Institutes International-Kansas City,4
454582,Ottawa University-Online,4
445735,Roseman University of Health Sciences,8
450085,The Art Institute of Charleston,5
449898,South University-Tampa,5
450535,Argosy University-Nashville,5
451848,Argosy University-The Art Institute of California-Silicon Valley,8
451398,Yeshiva Toras Chaim,2
454245,Chamberlain University-Arizona,6
448822,University of Phoenix-Connecticut,1
199971,Carolina Christian College,5
442222,Argosy University-Dallas,6
442718,National American University-Overland Park,4
184694,Fairleigh Dickinson University-Florham Campus,2
444778,Charlotte Christian College and Theological Seminary,5
444398,Baptist University of the Americas,6
445692,Neumont College of Computer Science,7
420325,Yeshiva D'monsey Rabbinical College,2
100751,The University of Alabama,5
101587,University of West Alabama,5
105367,Ottawa University-Phoenix,6
107044,Harding University,5
110097,Biola University,8
118541,Marymount California University,8
117751,The Master's University and Seminary,8
120184,Notre Dame de Namur University,8
120254,Occidental College,8
120537,Hope International University,8
137351,University of South Florida-Main Campus,5
139861,Georgia College & State University,5
139931,Georgia Southern University,5
139311,Clayton  State University,5
138947,Clark Atlanta University,5
143084,Augustana College,3
142294,The College of Idaho,7
141574,University of Hawaii at Manoa,8
140951,Savannah College of Art and Design,5
141167,Thomas University,5
141237,Truett McConnell University,5
141981,University of Hawaii-West Oahu,8
142887,American Academy of Art,3
141264,Valdosta State University,5
141334,University of West Georgia,5
145497,Hebrew Theological College,3
146427,Knox College,3
145637,University of Illinois at Urbana-Champaign,3
146481,Lake Forest College,3
145691,Illinois College,3
146667,Lincoln Christian University,3
147767,Northwestern University,3
148627,Saint Xavier University,3
148654,University of Illinois at Springfield,3
149514,Trinity International University-Illinois,3
147244,Millikin University,3
148177,The Illinois Institute of Art-Chicago,3
148487,Roosevelt University,3
148511,Rush University,3
405058,Yeshivas Novominsk,2
100654,Alabama A & M University,5
102377,Tuskegee University,5
100724,Alabama State University,5
102614,University of Alaska Fairbanks,8
100937,Birmingham Southern College,5
101541,Judson College,5
102094,University of South Alabama,5
102234,Spring Hill College,5
102261,Southeastern Bible College,5
104717,Grand Canyon University,6
104151,Arizona State University-Tempe,6
106704,University of Central Arkansas,5
109651,Art Center College of Design,8
107877,Williams Baptist College,5
107141,John Brown University,5
110617,California State University-Sacramento,8
110644,University of California-Davis,8
110671,University of California-Riverside,8
110714,University of California-Santa Cruz,8
117104,Life Pacific College,8
106397,University of Arkansas,5
106467,Arkansas Tech University,5
107071,Henderson State University,5
110361,California Baptist University,8
110404,California Institute of Technology,8
111081,California Institute of the Arts,8
112084,San Diego Christian College,8
110547,California State University-Dominguez Hills,8
110574,California State University-East Bay,8
112394,Cogswell College,8
117627,La Sierra University,8
123457,Simpson University,8
122454,San Francisco Art Institute,8
122597,San Francisco State University,8
125727,Westmont College,8
125897,Woodbury University,8
126827,Colorado Technical University-Colorado Springs,7
127714,Nazarene Bible College,7
127741,University of Northern Colorado,7
126614,University of Colorado Boulder,7
129941,University of New Haven,1
128391,Western State Colorado University,7
130697,Wesleyan University,1
130794,Yale University,1
129534,Holy Apostles College and Seminary,1
128744,University of Bridgeport,1
128771,Central Connecticut State University,1
135364,Luther Rice College & Seminary,5
137847,The University of Tampa,5
201645,Case Western Reserve University,3
203085,Heidelberg University,3
203368,John Carroll University,3
203775,Malone University,3
207722,University of Science and Arts of Oklahoma,6
206862,Southern Nazarene University,6
207342,University of Oklahoma-Health Sciences Center,6
207458,Oklahoma City University,6
208488,Concordia University-Portland,8
207582,Oral Roberts University,6
210775,Alvernia University,2
209612,Pacific University,8
211608,Cheyney University of Pennsylvania,2
211088,Arcadia University,2
211158,Bloomsburg University of Pennsylvania,2
209825,University of Portland,8
209922,Reed College,8
213358,La Roche College,2
213385,Lafayette College,2
213598,Lincoln University,2
214148,Moore College of Art and Design,2
214175,Muhlenberg College,2
214698,Pennsylvania State University-Penn State Beaver,2
213668,Lycoming College,2
215105,The University of the Arts,2
214625,Pennsylvania State University-Penn State New Kensington,2
216278,Susquehanna University,2
215798,Saint Vincent College,2
217402,Providence College,1
217518,Roger Williams University,1
216852,Widener University,2
217998,Erskine College,5
218645,University of South Carolina-Aiken,5
217688,Charleston Southern University,5
219198,Mount Marty College,4
218742,University of South Carolina-Upstate,5
217882,Clemson University,5
219295,Presentation College,4
217925,Columbia International University,5
220598,Lane College,5
219718,Bethel University,5
220862,University of Memphis,5
222938,The Art Institute of Houston,6
222628,Amberton University,6
221768,The University of Tennessee-Martin,5
223232,Baylor University,6
221838,Tennessee State University,5
221892,Trevecca Nazarene University,5
226152,Texas A & M International University,6
225432,University of Houston-Downtown,6
230038,Brigham Young University-Provo,7
231712,Christopher Newport University,5
230995,Norwich University,1
232672,Mary Baldwin University,5
230782,Weber State University,7
230852,Champlain College,1
232885,Sentara College of Health Sciences,5
230898,Green Mountain College,1
232265,Hampton University,5
234155,Virginia State University,5
232982,Old Dominion University,5
173647,Gustavus Adolphus College,4
174127,Minneapolis College of Art and Design,4
178697,College of the Ozarks,4
178721,Park University,4
179557,Southeast Missouri State University,4
178411,Missouri University of Science and Technology,4
179867,Washington University in St Louis,4
179894,Webster University,4
180984,Concordia University-Nebraska,4
181534,Peru State College,4
181604,College of Saint Mary,4
182111,The Art Institute of Las Vegas,8
182281,University of Nevada-Las Vegas,8
183974,Centenary University,2
183211,Rivier University,1
183804,Beth Medrash Govoha,2
186131,Princeton University,2
186201,Ramapo College of New Jersey,2
187444,William Paterson University of New Jersey,2
190114,Metropolitan College of New York,2
190567,CUNY City College,2
190664,CUNY Queens College,2
190691,CUNY York College,2
193247,Mirrer Yeshiva Cent Institute,2
191621,Hilbert College,2
192271,LIM College,2
194161,Nyack College,2
199184,University of North Carolina School of the Arts,5
199281,University of North Carolina at Pembroke,5
201548,Capital University,3
200332,North Dakota State University-Main Campus,4
201858,Cincinnati Christian University,3
201195,Baldwin Wallace University,3
201885,University of Cincinnati-Main Campus,3
203128,Hiram College,3
204468,Notre Dame College,3
204635,Ohio Northern University,3
206048,Tiffin University,3
206525,Wittenberg University,3
206622,Xavier University,3
206695,Youngstown State University,3
206835,Oklahoma Wesleyan University,6
207865,Southwestern Oklahoma State University,6
207388,Oklahoma State University-Main Campus,6
208725,New Hope Christian College-Eugene,8
208822,George Fox University,8
209065,Linfield College-McMinnville Campus,8
209108,Marylhurst University,8
211352,Cabrini University,2
209542,Oregon State University,8
210942,The Art Institute of Philadelphia,2
211468,Cedar Crest College,2
212832,Gwynedd Mercy University,2
212115,East Stroudsburg University of Pennsylvania,2
214652,Pennsylvania State University-Penn State Worthington Scranton,2
214272,Neumann University,2
215062,University of Pennsylvania,2
214768,Pennsylvania State University-Penn State Hazleton,2
215132,University of the Sciences,2
215275,University of Pittsburgh-Greensburg,2
215442,Point Park University,2
216542,University of Valley Forge,2
216038,Slippery Rock University of Pennsylvania,2
217165,Bryant University,1
215655,Robert Morris University,2
217235,Johnson & Wales University-Providence,1
141361,Young Harris College,5
141644,Hawaii Pacific University,8
143297,Blessing Rieman College of Nursing and Health Sciences,3
142461,Northwest Nazarene University,7
144971,Eureka College,3
144281,Columbia College Chicago,3
144351,Concordia University-Chicago,3
149231,Southern Illinois University-Edwardsville,3
148584,University of St Francis,3
147341,Monmouth College,3
151324,Indiana State University,3
151111,Indiana University-Purdue University-Indianapolis,3
150534,University of Evansville,3
150604,Franklin College,3
150677,Grace College and Theological Seminary,3
150774,Holy Cross College,3
150941,Huntington University,3
152381,Saint Mary-of-the-Woods College,3
151351,Indiana University-Bloomington,3
151777,Manchester University,3
153144,Coe College,4
154101,Northwestern College,4
152567,Trine University,3
153834,Luther College,4
153001,Buena Vista University,4
154721,Bethany College,4
157377,Midway University,5
157401,Murray State University,5
159391,Louisiana State University and Agricultural & Mechanical College,5
160074,Franciscan Missionaries of Our Lady University,5
160904,Xavier University of Louisiana,5
160977,Bates College,1
161004,Bowdoin College,1
162584,Frostburg State University,2
161244,University of Maine at Machias,1
161341,University of Maine at Presque Isle,1
161457,University of New England,1
162007,Bowie State University,2
162061,Capitol Technology University,2
164447,American International College,1
165024,Bridgewater State University,1
164614,Boston Baptist College,1
166054,Hellenic College-Holy Cross Greek Orthodox School of Theology,1
165644,Eastern Nazarene College,1
167987,University of Massachusetts-Dartmouth,1
168254,Western New England University,1
167677,Saint John's Seminary,1
168281,Wheaton College,1
166674,Massachusetts College of Art and Design,1
168421,Worcester Polytechnic Institute,1
168591,Alma College,3
170091,Great Lakes Christian College,3
170967,Rochester College,3
170301,Hope College,3
171571,Oakland University,3
173124,Bemidji State University,4
171881,Kuyper College,3
123554,Saint Mary's College of California,8
121257,Pitzer College,8
122931,Santa Clara University,8
123651,Vanguard University of Southern California,8
123961,University of Southern California,8
121691,University of Redlands,8
125231,Walden University,4
130934,Delaware State University,2
130314,University of Saint Joseph,1
129774,Mitchell College,1
132471,Barry University,5
134237,Full Sail University,5
132657,Lynn University,5
133711,Flagler College-St Augustine,5
133881,Florida Institute of Technology,5
133951,Florida International University,5
134097,Florida State University,5
134811,AI Miami International University of Art and Design,5
137564,Southeastern University,5
137777,Talmudic College of Florida,5
136774,Ringling College of Art and Design,5
138354,The University of West Florida,5
140234,LaGrange College,5
139144,Berry College,5
139764,Georgia Southwestern State University,5
140447,Mercer University,5
148131,Quincy University,3
149781,Wheaton College,3
151801,Indiana Wesleyan University-Marion,3
153621,Iowa Wesleyan University,4
153241,Divine Word College,4
154174,Palmer College of Chiropractic,4
153861,Maharishi University of Management,4
153384,Grinnell College,4
154004,Morningside College,4
154527,Wartburg College,4
155414,Kansas Wesleyan University,4
155061,Fort Hays State University,4
155511,McPherson College,4
155627,Ottawa University-Ottawa,4
155681,Pittsburg State University,4
157447,Northern Kentucky University,5
156541,University of the Cumberlands,5
157951,Western Kentucky University,5
158477,Centenary College of Louisiana,5
157757,Spalding University,5
160621,Southern University and A & M College,5
159647,Louisiana Tech University,5
159717,McNeese State University,5
163204,University of Maryland-University College,2
161554,University of Southern Maine,1
161217,University of Maine at Augusta,1
219082,Dakota State University,4
218238,Limestone College,5
218335,Medical University of South Carolina,5
219505,American Baptist College,5
219602,Austin Peay State University,5
220808,Memphis College of Art,5
220075,East Tennessee State University,5
220215,Freed-Hardeman University,5
220978,Middle Tennessee State University,5
222178,Abilene Christian University,6
224545,Texas A&M University-Texarkana,6
225502,University of Houston-Victoria,6
225575,Huston-Tillotson University,6
225885,Jarvis Christian College,6
229115,Texas Tech University,6
228705,Texas A & M University-Kingsville,6
228778,The University of Texas at Austin,6
228325,Southwestern Assemblies of God University,6
228802,The University of Texas at Tyler,6
232308,Hollins University,5
230728,Utah State University,7
231095,Sterling College,1
237215,Bluefield State College,5
237792,Shepherd University,5
237312,University of Charleston,5
237358,Davis & Elkins College,5
237385,Glenville State College,5
236452,Saint Martin's University,8
238458,Carroll University,3
239512,Northland College,3
241395,Pontifical Catholic University of Puerto Rico-Arecibo,9
243212,University of Puerto Rico-Ponce,9
366748,Argosy University-Hawaii,8
368452,Nossi College of Art,5
377555,University of Washington-Bothell Campus,8
380465,University of Phoenix-Utah,7
174747,College of Saint Benedict,4
174817,Saint Mary's University of Minnesota,4
178624,Northwest Missouri State University,4
178244,Missouri Baptist University,4
178767,Stevens-The Institute of Business & Arts,4
178341,Missouri Southern State University,4
178387,Missouri Western State University,4
180461,Montana State University,7
179964,William Woods University,4
182634,Colby-Sawyer College,1
181297,Nebraska Methodist College of Nursing & Allied Health,4
180814,Bellevue University,4
181394,University of Nebraska at Omaha,4
183044,University of New Hampshire-Main Campus,1
186371,Rutgers University-Camden,2
186584,Seton Hall University,2
189097,Barnard College,2
186867,Stevens Institute of Technology,2
189264,Beth Hatalmud Rabbinical College,2
188304,Western New Mexico University,6
187134,The College of New Jersey,2
187897,New Mexico Highlands University,6
187967,New Mexico Institute of Mining and Technology,6
190761,Dominican College of Blauvelt,2
190044,Clarkson University,2
191931,Iona College,2
193654,The New School,2
195234,The College of Saint Rose,2
195474,Siena College,2
197911,Barton College,5
197221,Webb Institute,2
196121,SUNY College at Brockport,2
197601,Yeshiva Karlin Stolin,2
197647,Yeshiva Derech Chaim,2
197674,Yeshiva of Nitra Rabbinical College,2
197027,United States Merchant Marine Academy,0
196237,SUNY College at Old Westbury,2
197151,School of Visual Arts,2
196264,SUNY Empire State College,2
196307,Upstate Medical University,2
198464,East Carolina University,5
198507,Elizabeth City State University,5
198561,Gardner-Webb University,5
199847,Wake Forest University,5
200572,Valley City State University,4
204185,University of Mount Union,3
203535,Kenyon College,3
203845,Marietta College,3
204015,Miami University-Middletown,3
225548,Howard Payne University,6
227368,The University of Texas Rio Grande Valley,6
227845,Saint Edward's University,6
228875,Texas Christian University,6
228468,Southwestern Adventist University,6
229018,The University of Texas of the Permian Basin,6
228042,Schreiner University,6
232025,Emory & Henry College,5
233718,Sweet Briar College,5
234492,The Art Institute of Seattle,8
233295,Randolph-Macon College,5
235422,Heritage University,8
234085,Virginia Military Institute,5
234915,City University of Seattle,8
236595,Seattle University,8
236328,University of Puget Sound,8
236948,University of Washington-Seattle Campus,8
238032,West Virginia University,5
239318,Milwaukee School of Engineering,3
239628,Ripon College,3
240268,University of Wisconsin-Eau Claire,3
240338,Wisconsin Lutheran College,3
240365,University of Wisconsin-Oshkosh,3
241128,American University of Puerto Rico,9
243665,University of the Virgin Islands,9
243115,University of Puerto Rico-Arecibo,9
241225,Universidad Central de Bayamon,9
243142,University of Puerto Rico-Carolina,9
242635,Inter American University of Puerto Rico-Arecibo,9
242662,Inter American University of Puerto Rico-Ponce,9
242705,Inter American University of Puerto Rico-Bayamon,9
243568,Universidad Central Del Caribe,9
247825,Austin Graduate School of Theology,6
174251,University of Minnesota-Morris,4
174844,St Olaf College,4
174437,North Central University,4
174914,University of St Thomas,4
174491,University of Northwestern-St Paul,4
174507,Northwestern Health Sciences University,4
175421,Belhaven University,5
176017,University of Mississippi,5
176664,Baptist Bible College,4
177144,Culver-Stockton College,4
176044,Mississippi Valley State University,5
177214,Drury University,4
176947,Central Methodist University-College of Liberal Arts and Sciences,4
177551,Harris-Stowe State University,4
181464,University of Nebraska-Lincoln,4
183071,University of New Hampshire at Manchester,1
181127,Hastings College,4
183257,Granite State College,1
188641,Alfred University,2
191241,Fordham University,2
190594,CUNY Hunter College,2
190637,CUNY Lehman College,2
189857,Central Yeshiva Tomchei Tmimim Lubavitz,2
193584,Nazareth College,2
192624,Machzikei Hadath Rabbinical College,2
192864,Marymount Manhattan College,2
193061,Mesivta of Eastern Parkway-Yeshiva Zichron Meilech,2
195164,St Bonaventure University,2
194657,Rabbinical Academy Mesivta Rabbi Chaim Berlin,2
195304,Sarah Lawrence College,2
194091,New York Institute of Technology,2
194824,Rensselaer Polytechnic Institute,2
195544,St. Joseph's College-New York,2
196097,Stony Brook University,2
197197,Wagner College,2
197984,Belmont Abbey College,5
196167,SUNY College at Geneseo,2
196194,SUNY College at Oswego,2
197744,Yeshivath Zichron Moshe,2
196291,SUNY Maritime College,2
196431,Talmudical Seminary Oholei Torah,2
198677,Heritage Bible College,5
198747,John Wesley University,5
199111,University of North Carolina at Asheville,5
199607,Salem College,5
199157,North Carolina Central University,5
237932,West Liberty University,5
237525,Marshall University,5
238078,Wheeling Jesuit University,5
237118,Alderson Broaddus University,5
239105,Marquette University,3
240462,University of Wisconsin-Platteville,3
248882,National American University-Albuquerque,6
245652,St. John's College,6
245838,Antioch University-Los Angeles,8
245892,Antioch University-Midwest,3
251312,South University-Columbia,5
409698,California State University-Monterey Bay,8
414878,Trine University-Regional/Non-Traditional Campuses,3
384412,University of the Potomac-Washington DC Campus,2
428268,Argosy University-Tampa,5
440828,Oregon State University-Cascades Campus,8
441478,National Graduate School of Quality Management,1
439288,Johnson & Wales University-Denver,7
440758,National American University-Albuquerque West,6
440925,Sanford-Brown College-Orlando,5
436438,Argosy University-Orange County,8
363712,Yeshivah Gedolah Rabbinical College,5
443058,Family of Faith Christian University,6
443562,Dewey University-Hato Rey,9
436818,University of Connecticut-Waterbury Campus,1
155937,Sterling College,4
156417,Clear Creek Baptist Bible College,5
155317,University of Kansas,4
162654,Goucher College,2
164924,Boston College,1
165671,Emmanuel College,1
163851,Salisbury University,2
165167,Cambridge College,1
165334,Clark University,1
166027,Harvard University,1
166124,College of the Holy Cross,1
167321,The New England Institute of Art,1
166391,Lasell College,1
166984,School of the Museum of Fine Arts at Tufts University,1
167057,The New England Conservatory of Music,1
167251,Newbury College,1
170037,Cornerstone University,3
172334,Spring Arbor University,3
173887,The Art Institutes International-Minnesota,4
172644,Wayne State University,3
172051,Saginaw Valley State University,3
410502,Argosy University-The Art Institute of California-Hollywood,8
420042,University of Phoenix-Hawaii,8
167394,College of Our Lady of the Elms,1
166911,Montserrat College of Art,1
168227,Wentworth Institute of Technology,1
171137,University of Michigan-Dearborn,3
169327,Cleary University,3
172264,Siena Heights University,3
446640,Harrisburg University of Science and Technology,2
450456,University of Phoenix-Alabama,5
450483,University of Phoenix-Washington DC,2
450766,LIU Riverhead,2
449870,University of the West,8
450526,Argosy University-Inland Empire,8
217749,Bob Jones University,5
482413,DeVry College of New York,2
482680,University of North Georgia,5
482149,Augusta University,5
481720,South University-High Point,5
482583,DeVry University-Oklahoma,6
482653,DeVry University-Virginia,5
482440,DeVry University-Colorado,7
482459,DeVry University-Florida,5
481410,Yeshiva Gedolah Kesser Torah,2
482486,DeVry University-Indiana,3
482556,DeVry University-New Jersey,2
448840,University of South Florida-St Petersburg,5
454689,Taft University System,7
454829,Aspen University,7
454856,Denver College of Nursing,7
455770,Providence Christian College,8
456959,University of Minnesota-Rochester,4
456010,The Art Institute of Washington-Dulles,5
457129,Chamberlain University-Florida,5
456490,Polytechnic University of Puerto Rico-Orlando,5
447689,Georgia Gwinnett College,5
444130,Northcentral University,8
458469,National University College-Ponce,9
458210,West Coast University-Orange County,8
458229,West Coast University-Ontario,8
459259,South University-Richmond,5
458919,Strayer University-Georgia,5
453163,Strayer University-North Carolina,5
452090,Argosy University-Salt Lake City,7
450979,Trident University International,8
451820,The Art Institute of Austin,6
451060,Digital Media Arts College,5
454236,Chamberlain University-Ohio,3
444413,Beis Medrash Heichal Dovid,2
445300,University of Phoenix-New Jersey,2
445319,University of Phoenix-Minnesota,4
441690,Universidad Pentecostal Mizpa,9
262129,New College of Florida,5
441973,Argosy University-The Art Institute of California-Orange County,8
104586,Embry-Riddle Aeronautical University-Prescott,6
430810,New Hampshire Institute of Art,1
440420,University of Phoenix-Massachusetts,1
440466,University of Phoenix-Idaho,7
441609,Yeshiva Shaarei Torah of Rockland,2
123280,Shasta Bible College and Graduate School,8
446729,University of Phoenix-Iowa,4
446233,Ecclesia College,5
442569,Grantham University,4
461643,Bergin University of Canine Studies,8
466189,National American University-Colorado Springs South,7
466930,Chamberlain University-Texas,6
238573,Columbia College of Nursing,3
475200,Whitworth University-Adult Degree Programs,8
475273,Springfield College-School of Professional and Continuing Studies,1
474863,Azusa Pacific University College,8
457226,Horizon University,3
458496,The Art Institute of Virginia Beach,5
458973,Strayer University-Texas,6
460349,Johnson & Wales University-Online,1
460783,Remington College-Heathrow Campus,5
461236,Georgia Christian University,5
468723,National University College-Caguas,9
479956,Pennsylvania State University-World Campus,2
147369,Moody Bible Institute,3
483780,IGlobal University,5
484473,University of Florida-Online,5
484613,University of Phoenix-Arizona,6
484640,University of Phoenix-Colorado,7
484686,University of Phoenix-Louisiana,5
484710,University of Phoenix-Nevada,8
484729,University of Phoenix-North Carolina,5
484756,University of Phoenix-Texas,6
485546,California Intercontinental University,8
486840,Kennesaw State University,5
487296,University of Arizona-South,6
487603,Northwest University-College of Adult and Professional Studies,8
483036,Texas A & M University-Central Texas,6
487746,Yeshiva Zichron Aryeh,2
488350,Yeshiva Gedolah Shaarei Shmuel,2
488679,Indiana Wesleyan University-National & Global,3
489353,Chamberlain University-California,8
489779,Kaplan University-Indianapolis,3
460376,Virginia International University,5
181543,Summit Christian College,4
459949,Texas A&M University-San Antonio,6
485999,Bet Medrash Gadol Ateret Torah,2
486026,Yeshiva Sholom Shachna,2
486196,Beth Medrash Meor Yitzchok,2
486956,Chamberlain University-New Jersey,2
487010,The University of Tennessee-Health Science Center,5
484783,University of Phoenix-Pennsylvania,2
480073,South University-Austin,6
477039,West Coast University-Dallas,6
480569,Florida Institute of Technology-Online,5
449339,American Public University System,5
450049,The Art Institute of Salt Lake City,7
450933,Columbia Southern University,5
451796,The Art Institute of Michigan,3
451370,Yeshivas Be'er Yitzchok,2
448309,Shorter University-College of Adult & Professional Programs,5
448886,Arizona State University-Downtown Phoenix,6
449010,The Art Institute of Tennessee-Nashville,5
149763,Resurrection University,3
447050,United States University,8
401223,World Mission University,8
448239,Careers Unlimited,7
447953,SUM Bible College and Theological Seminary,8
442639,University of the Potomac-VA Campus,5
442949,Birthingway College of Midwifery,8
435000,Louisiana State University Health Sciences Center-Shreveport,5
443410,DigiPen Institute of Technology,8
445133,American InterContinental University-Houston,6
444990,Flagler College-Tallahassee,5
443049,Faith International University,8
443340,Williamson Christian College,5
441900,Nevada State College,8
443766,Strayer University-Tennessee,5
110060,Bethesda University,8
439613,Crossroads Bible College,3
367839,Colorado Heights University,7
439446,Atlantic Institute of Oriental Medicine,5
440749,National American University-Ellsworth AFB Extension,4
436836,University of Connecticut-Stamford,1
431983,Yeshiva of the Telshe Alumni,2
388520,College of Biblical Studies-Houston,6
128780,Charter Oak State College,1
217606,Northpoint Bible College,1
437316,Linfield College-School of Nursing,8
438586,American InterContinental University-Atlanta,5
430670,San Juan Bautista School of Medicine,9
432533,Argosy University-The Art Institute of California-Los Angeles,8
428259,Ottawa University-Milwaukee,3
100663,University of Alabama at Birmingham,5
101709,University of Montevallo,5
101879,University of North Alabama,5
101453,Heritage Christian University,5
102669,Alaska Pacific University,8
101480,Jacksonville State University,5
102049,Samford University,5
101073,Concordia College Alabama,5
110316,California Institute of Integral Studies,8
110370,California College of the Arts,8
110413,California Lutheran University,8
107983,Southern Arkansas University Main Campus,5
110486,California State University-Bakersfield,8
110529,California State Polytechnic University-Pomona,8
112260,Claremont McKenna College,8
110583,California State University-Long Beach,8
112446,Coleman University,8
110653,University of California-Irvine,8
110680,University of California-San Diego,8
116846,American Jewish University,8
117113,Argosy University-The Art Institute of California-San Diego,8
115083,Golden Gate University-San Francisco,8
115409,Harvey Mudd College,8
118693,Menlo College,8
122296,Samuel Merritt University,8
123633,South Baylo University,8
121309,Point Loma Nazarene University,8
122409,San Diego State University,8
122436,University of San Diego,8
434973,University of Phoenix-Maryland,2
413413,Capella University,4
159373,Louisiana State University Health Sciences Center-New Orleans,5
160029,Notre Dame Seminary Graduate School of Theology,5
159009,Grambling State University,5
159656,Loyola University New Orleans,5
159939,University of New Orleans,5
159966,Nicholls State University,5
159416,Louisiana State University-Shreveport,5
160630,Southern University at New Orleans,5
159993,University of Louisiana at Monroe,5
160409,Saint Joseph Seminary College,5
155636,Ottawa University-Kansas City,4
433660,Florida Gulf Coast University,5
432223,University of Phoenix-Washington,8
436483,National American University-Bloomington,4
121983,Argosy University-San Francisco Bay Area,8
241720,Colegio Universitario de San Juan,9
428286,The Illinois Institute of Art-Schaumburg,3
101693,University of Mobile,5
100690,Amridge University,5
100706,University of Alabama in Huntsville,5
102553,University of Alaska Anchorage,8
100830,Auburn University at Montgomery,5
101116,South University-Montgomery,5
102270,Stillman College,5
101189,Faulkner University,5
105589,Prescott College,6
105899,Arizona Christian University,6
106713,Central Baptist College,5
106810,Crowley's Ridge College,5
107600,Philander Smith College,5
107080,Hendrix College,5
127060,University of Denver,7
126669,Colorado Christian University,7
128106,Colorado State University-Pueblo,7
130110,Paier College of Art Inc,1
130776,Western Connecticut State University,1
130183,Post University,1
130226,Quinnipiac University,1
130253,Sacred Heart University,1
133650,Florida Agricultural and Mechanical University,5
131159,American University,2
131283,Catholic University of America,2
131399,University of the District of Columbia,2
131450,Gallaudet University,2
131469,George Washington University,2
131496,Georgetown University,2
131520,Howard University,2
133979,Florida Memorial University,5
134130,University of Florida,5
137546,Stetson University,5
136950,Rollins College,5
135610,Trinity International University-Florida,5
137953,Trinity Baptist College,5
146339,Judson University,3
144740,DePaul University,3
144050,University of Chicago,3
146533,Lakeview College of Nursing,3
149639,VanderCook College of Music,3
147679,North Park University,3
148496,Dominican University,3
150136,Ball State University,3
150163,Butler University,3
151290,Indiana Institute of Technology,3
151306,University of Southern Indiana,3
150400,DePauw University,3
152080,University of Notre Dame,3
152099,Oakland City University,3
151263,University of Indianapolis,3
152266,Purdue University-North Central Campus,3
152363,Saint Josephs College,3
151333,Indiana University-Kokomo,3
151360,Indiana University-Northwest,3
151379,Indiana University-Southeast,3
151786,Marian University,3
153126,Clarke University,4
153603,Iowa State University,4
153366,Graceland University-Lamoni,4
154493,Upper Iowa University,4
155399,Kansas State University,4
156189,Alice Lloyd College,5
154749,Bethel College-North Newton,4
157076,Kentucky Wesleyan College,5
110510,California State University-San Bernardino,8
110556,California State University-Fresno,8
112570,Columbia College Hollywood,8
114813,Fresno Pacific University,8
115773,Humphreys University-Stockton and Modesto Campuses,8
117140,University of La Verne,8
117636,Loma Linda University,8
122506,San Francisco Conservatory of Music,8
125763,Whittier College,8
126580,University of Colorado Colorado Springs,7
129020,University of Connecticut,1
130493,Southern Connecticut State University,1
130590,Trinity College,1
139719,Fort Valley State University,5
139153,Beulah Heights University,5
139199,Brenau University,5
138600,Agnes Scott College,5
140553,Morehouse College,5
139366,Columbus State University,5
139579,South University-Savannah,5
139630,Emmanuel College,5
139959,University of Georgia,5
142276,Idaho State University,7
140960,Savannah State University,5
141060,Spelman College,5
146719,Loyola University Chicago,3
147703,Northern Illinois University,3
147129,Methodist College,3
148849,Shimer College,3
194569,Davis College,2
193973,Niagara University,2
197993,Bennett College,5
198066,Brevard College,5
196680,Excelsior College,2
196176,State University of New York at New Paltz,2
197610,Yeshivat Mikdash Melech,2
196866,Union College,2
198136,Campbell University,5
196200,SUNY College at Potsdam,2
196219,SUNY at Purchase College,2
197133,Vassar College,2
197869,Appalachian State University,5
196413,Syracuse University,2
196440,Talmudical Institute of Upstate New York,2
198899,Mars Hill University,5
199759,Southeastern Baptist Theological Seminary,5
199193,North Carolina State University at Raleigh,5
199209,North Carolina Wesleyan College,5
199306,Pfeiffer University,5
198613,Guilford College,5
200280,University of North Dakota,4
199999,Winston-Salem State University,5
200059,Dickinson State University,4
202073,Cleveland Institute of Music,3
202903,Gods Bible School and College,3
204176,Mount Carmel College of Nursing,3
204006,Miami University-Hamilton,3
204909,Ohio Wesleyan University,3
204936,Otterbein University,3
204699,Ohio State University-Marion Campus,3
206589,The College of Wooster,3
207856,Southwestern Christian University,6
207403,Oklahoma Baptist University,6
208239,The Art Institute of Portland,8
208646,Eastern Oregon University,8
209056,Lewis & Clark College,8
210146,Southern Oregon University,8
209506,Oregon Institute of Technology,8
209533,Oregon College of Art and Craft,8
210906,The Art Institutes of York-PA,2
211440,Carnegie Mellon University,2
209603,Pacific Northwest College of Art,8
210960,The Art Institute of Pittsburgh,2
212656,Geneva College,2
213543,Lehigh University,2
163976,St. John's College,2
164076,Towson University,2
165866,Framingham State University,1
164720,Becker College,1
165936,Gordon College,1
165529,Curry College,1
167899,Springfield College,1
166850,Merrimack College,1
166869,MGH Institute of Health Professions,1
167996,Stonehill College,1
166939,Mount Holyoke College,1
166513,University of Massachusetts-Lowell,1
166629,University of Massachusetts-Amherst,1
168263,Westfield State University,1
167093,New England College of Optometry,1
168430,Worcester State University,1
168546,Albion College,3
170806,Madonna University,3
168740,Andrews University,3
170976,University of Michigan-Ann Arbor,3
171100,Michigan State University,3
170639,Lake Superior State University,3
169983,Kettering University,3
169479,Davenport University,3
170000,Grace Bible College,3
171456,Northern Michigan University,3
172440,Finlandia University,3
172699,Western Michigan University,3
173920,Minnesota State University-Mankato,4
174020,Metropolitan State University,4
174066,University of Minnesota-Twin Cities,4
174233,University of Minnesota-Duluth,4
174783,Saint Cloud State University,4
174899,The College of Saint Scholastica,4
177083,Conception Seminary College,4
177816,Kenrick Glennon Seminary,4
177940,Lincoln University,4
177339,Evangel University,4
178059,Maryville University of Saint Louis,4
176336,Southeastern Baptist College,5
176406,Tougaloo College,5
176479,William Carey University,5
178679,Ozark Christian College,4
178420,University of Missouri-St Louis,4
179159,Saint Louis University,4
180416,Montana Tech of the University of Montana,7
179256,Saint Louis Christian College,4
179946,Westminster College,4
180489,The University of Montana,7
182670,Dartmouth College,1
181783,Wayne State College,4
160959,College of the Atlantic,1
163046,Loyola University Maryland,2
162210,Washington Adventist University,2
161086,Colby College,1
161299,Maine Maritime Academy,1
162760,Hood College,2
164739,Bentley University,1
164216,Washington College,2
164270,McDaniel College,2
167729,Salem State University,1
168290,Wheelock College,1
166656,MCPHS University,1
167783,Simmons College,1
166683,Massachusetts Institute of Technology,1
167260,Nichols College,1
169716,University of Detroit Mercy,3
171146,University of Michigan-Flint,3
169910,Ferris State University,3
169363,Concordia University-Ann Arbor,3
171599,Olivet College,3
173160,Bethel University,4
172033,Sacred Heart Major Seminary,3
173300,Concordia College at Moorhead,4
175616,Delta State University,5
175856,Jackson State University,5
175430,Blue Mountain College,5
175980,Millsaps College,5
176080,Mississippi State University,5
177986,Logan University,4
181376,Nebraska Christian College of Hope International University,4
181400,Kaplan University-Omaha Campus,4
183080,Plymouth State University,1
184603,Fairleigh Dickinson University-Metropolitan Campus,2
183239,Saint Anselm College,1
185129,New Jersey City University,2
183789,Berkeley College-Woodland Park,2
186186,Rabbinical College of America,2
186380,Rutgers University-New Brunswick,2
186399,Rutgers University-Newark,2
188030,New Mexico State University-Main Campus,6
189459,Briarcliffe College,2
190983,Elmira College,2
190600,CUNY John Jay College of Criminal Justice,2
190646,CUNY Medgar Evers College,2
190716,D'Youville College,2
192703,Manhattan College,2
104179,University of Arizona,6
105330,Northern Arizona University,6
106263,University of Arkansas for Medical Sciences,5
119173,Mount Saint Mary's University,8
120403,Otis College of Art and Design,8
117946,Loyola Marymount University,8
120883,University of the Pacific,8
121150,Pepperdine University,8
127556,Colorado Mesa University,7
126076,Yeshiva Ohr Elchonon Chabad West Coast Talmudical Seminary,8
127653,Naropa University,7
127680,National American University-Colorado Springs,7
130943,University of Delaware,2
130989,Goldey-Beacom College,2
131113,Wilmington University,2
133669,Florida Atlantic University,5
132879,Johnson University Florida,5
132903,University of Central Florida,5
131803,Strayer University-District of Columbia,2
131876,Trinity Washington University,2
134079,Florida Southern College,5
134510,Hobe Sound Bible College,5
133526,Edward Waters College,5
133553,Embry-Riddle Aeronautical University-Daytona Beach,5
136330,Palm Beach Atlantic University,5
135726,University of Miami,5
137476,St Thomas University,5
138293,Webber International University,5
140340,Herzing University-Atlanta,5
139940,Georgia State University,5
215053,Pennsylvania College of Art and Design,2
214670,Pennsylvania State University-Penn State Lehigh Valley,2
214166,Mount Aloysius College,2
214713,Pennsylvania State University-Penn State Harrisburg,2
214829,Pennsylvania State University-Penn State York,2
217013,Wilson College,2
217040,Yeshivath Beth Moshe,2
217156,Brown University,1
215770,Saint Joseph's University,2
216339,Temple University,2
217420,Rhode Island College,1
217536,Salve Regina University,1
218973,Wofford College,5
218733,South Carolina State University,5
217873,Claflin University,5
218070,Furman,5
218229,Lander University,5
218399,Morris College,5
220473,Johnson University,5
219949,Cumberland University,5
224226,Dallas Baptist University,6
224323,University of Dallas,6
224776,South University-The Art Institute of Dallas,6
226833,Midwestern State University,6
225399,Houston Baptist University,6
229780,Wayland Baptist University,6
229160,Texas Wesleyan University,6
228653,The University of Texas Medical Branch,6
229300,The University of Texas Health Science Center at Houston,6
228246,Southern Methodist University,6
228769,The University of Texas at Arlington,6
228343,Southwestern University,6
231059,Saint Michael's College,1
210669,Allegheny College,2
209409,Northwest Christian University,8
210739,DeSales University,2
209490,Oregon Health & Science University,8
211556,Chatham University,2
211273,Bryn Mawr College,2
213303,Keystone College,2
212993,Hussian College School of Art,2
212106,Duquesne University,2
213020,Indiana University of Pennsylvania-Main Campus,2
212133,Eastern University,2
212160,Edinboro University of Pennsylvania,2
214069,Misericordia University,2
213826,Marywood University,2
214786,Pennsylvania State University-Penn State Greater Allegheny,2
219356,South Dakota State University,4
219639,Baptist Memorial College of Health Sciences,5
219709,Belmont University,5
219790,Bryan College-Dayton,5
219806,Carson-Newman University,5
219833,Christian Brothers University,5
221519,Sewanee-The University of the South,5
220206,Welch College,5
221740,The University of Tennessee-Chattanooga,5
221759,The University of Tennessee-Knoxville,5
227526,Prairie View A & M University,6
228459,Texas State University,6
227863,University of St Thomas,6
228529,Tarleton State University,6
231086,Southern Vermont College,1
232609,University of Lynchburg,5
232706,Marymount University,5
230816,Bennington College,1
232186,George Mason University,5
230889,Goddard College,1
230913,Johnson State College,1
232256,Hampden-Sydney College,5
239743,Silver Lake College of the Holy Family,3
238333,Beloit College,3
238430,Cardinal Stritch University,3
238476,Carthage College,3
233426,Roanoke College,5
233356,Bon Secours Memorial College of Nursing,5
236133,Northwest University,8
236896,Walla Walla University,8
236939,Washington State University,8
237066,Whitworth University,8
237136,Appalachian Bible College,5
239309,Milwaukee Institute of Art & Design,3
239716,Saint Norbert College,3
243586,Pontifical Catholic University of Puerto Rico-Mayaguez,9
241216,Atlantic University College,9
243133,University of Puerto Rico-Bayamon,9
243179,University of Puerto Rico-Humacao,9
241386,Caribbean University-Carolina,9
242653,Inter American University of Puerto Rico-Metro,9
242680,Inter American University of Puerto Rico-Fajardo,9
243346,Universidad del Este,9
241739,Universidad Metropolitana,9
241766,Puerto Rico Conservatory of Music,9
243443,Universidad del Sagrado Corazon,9
377546,Northwest College of Art & Design,8
382063,University of Phoenix-Puerto Rico,9
398130,Mt Sierra College,8
385619,Everglades University,5
402776,Southwest University of Visual Arts-Albuquerque,6
407009,Arizona State University-West,6
181330,Midland University,4
182980,New England College,1
183026,Southern New Hampshire University,1
181446,Nebraska Wesleyan University,4
181020,Doane University-Arts & Sciences,4
181093,Grace University,4
181853,York College,4
182290,University of Nevada-Reno,8
183910,Caldwell University,2
185590,Montclair State University,2
184773,Georgian Court University,2
186283,Rider University,2
188146,Santa Fe University of Art and Design,6
186876,Stockton University,2
189273,Beth Hamedrash Shaarei Yosher Institute,2
186900,Talmudical Academy-New Jersey,2
187046,Thomas Edison State University,2
188429,Adelphi University,2
188526,Albany College of Pharmacy and Health Sciences,2
189413,Boricua College,2
190099,Colgate University,2
190150,Columbia University in the City of New York,2
190576,CUNY Graduate School and University Center,2
191630,Hobart William Smith Colleges,2
191649,Hofstra University,2
193353,Mount Saint Mary College,2
192323,Le Moyne College,2
193399,College of Mount Saint Vincent,2
192563,LIU Brentwood,2
192749,Manhattanville College,2
192819,Marist College,2
193016,Mercy College,2
193070,Mesivtha Tifereth Jerusalem of America,2
193900,New York University,2
219976,Lipscomb University,5
219383,University of Sioux Falls,4
220613,Lee University,5
220710,Maryville College,5
222983,Austin College,6
221953,Tusculum College,5
221999,Vanderbilt University,5
227216,University of North Texas,6
226383,Lubbock Christian University,6
227429,Paul Quinn College,6
229063,Texas Southern University,6
228149,St. Mary's University,6
229179,Texas Woman's University,6
228723,Texas A & M University-College Station,6
228796,The University of Texas at El Paso,6
230940,Marlboro College,1
230959,Middlebury College,1
232423,James Madison University,5
230603,Southern Utah University,7
232566,Longwood University,5
232043,Eastern Mennonite University,5
231420,Averett University,5
232089,Ferrum College,5
238616,Concordia University-Wisconsin,3
238980,Lakeland University,3
240189,University of Wisconsin-Whitewater,3
240329,University of Wisconsin-La Crosse,3
241100,American University of Puerto Rico,9
243106,University of Puerto Rico-Aguadilla,9
243780,Purdue University-Main Campus,3
243823,Parker University,6
242626,Inter American University of Puerto Rico-Aguadilla,9
243203,University of Puerto Rico-Medical Sciences,9
145460,Harrington College of Design,3
146393,Kendall College,3
145600,University of Illinois at Chicago,3
145619,Benedictine University,3
144883,East-West University,3
145646,Illinois Wesleyan University,3
145770,Argosy University-Chicago,3
145813,Illinois State University,3
145336,Governors State University,3
146010,Sanford-Brown College-Chicago,3
148593,St. John's College-Department of Nursing,3
149329,Telshe Yeshiva-Chicago,3
147776,Northeastern Illinois University,3
147013,McKendree University,3
147536,National Louis University,3
150066,Anderson University,3
147590,National University of Health Sciences,3
147660,North Central College,3
151810,Martin University,3
155089,Friends University,4
156356,Brescia University,5
155900,Southwestern College,4
157863,Union College,5
156620,Eastern Kentucky University,5
157100,Kentucky Christian University,5
157216,Lindsey Wilson College,5
157289,University of Louisville,5
195173,St Francis College,2
195809,St John's University-New York,2
194666,Rabbinical College Bobover Yeshiva Bnei Zion,2
195243,St. Thomas Aquinas College,2
194736,Rabbinical College of Long Island,2
194763,Rabbinical Seminary of America,2
194310,Pace University-New York,2
196060,SUNY at Albany,2
196079,Binghamton University,2
196103,SUNY College of Environmental Science and Forestry,2
197230,Wells College,2
196583,Torah Temimah Talmudical Seminary,2
196130,SUNY Buffalo State,2
196149,SUNY Cortland,2
196246,SUNY College at Plattsburgh,2
198303,Chowan University,5
199069,University of Mount Olive,5
200253,Minot State University,4
201690,Central State University,3
202046,Cleveland Institute of Art,3
205443,Shawnee State University,3
206349,Ursuline College,3
204796,Ohio State University-Main Campus,3
206613,Wright State University-Lake Campus,3
207689,St. Gregory's University,6
207263,Northeastern State University,6
207306,Northwestern Oklahoma State University,6
207500,University of Oklahoma-Norman Campus,6
207209,Langston University,6
211583,Chestnut Hill College,2
210429,Western Oregon University,8
211893,Curtis Institute of Music,2
212009,Dickinson College,2
213349,Kutztown University of Pennsylvania,2
213400,Lancaster Bible College,2
214643,Pennsylvania State University-Penn State Wilkes-Barre,2
213613,Lock Haven University,2
214689,Pennsylvania State University-Penn State Altoona,2
213783,Mansfield University of Pennsylvania,2
215099,Jefferson (Philadelphia University + Thomas Jefferson University),2
213996,Messiah College,2
214810,Pennsylvania State University-Penn State Schuylkill,2
215266,University of Pittsburgh-Bradford,2
214883,Peirce College,2
215293,University of Pittsburgh-Pittsburgh Campus,2
217059,York College of Pennsylvania,2
216010,Shippensburg University of Pennsylvania,2
215743,Saint Francis University,2
216366,Thomas Jefferson University,2
215929,University of Scranton,2
217493,Rhode Island School of Design,1
218539,Presbyterian College,5
219000,Augustana University,4
217633,Anderson University,5
219046,Black Hills State University,4
218663,University of South Carolina-Columbia,5
217776,Southern Wesleyan University,5
217819,College of Charleston,5
219259,Northern State University,4
218919,Voorhees College,5
220516,King University,5
161509,Maine College of Art,1
162283,Coppin State University,2
163259,University of Maryland Baltimore,2
161563,Thomas College,1
163286,University of Maryland-College Park,2
161226,University of Maine at Farmington,1
161253,University of Maine,1
163453,Morgan State University,2
161873,University of Baltimore,2
165699,Endicott College,1
164580,Babson College,1
165820,Fitchburg State University,1
164173,Stevenson University,2
168786,Aquinas College,3
169080,Calvin College,3
177719,Barnes-Jewish College Goldfarb School of Nursing,4
177746,Kansas City Art Institute,4
176770,Cox College,4
176789,Calvary University,4
176053,Mississippi College,5
176910,Central Christian College of the Bible,4
179326,Southwest Baptist University,4
180106,Carroll College,7
179450,Saint Luke's College of Health Sciences,4
178369,Missouri Valley College,4
180179,Montana State University-Billings,7
178989,Research College of Nursing,4
178396,University of Missouri-Columbia,4
179043,Rockhurst University,4
179566,Missouri State University-Springfield,4
190549,CUNY Brooklyn College,2
191533,Hartwick College,2
192040,Jewish Theological Seminary of America,2
192110,The Juilliard School,2
191676,Houghton College,2
192439,LIU Brooklyn,2
195720,Saint John Fisher College,2
195216,St Lawrence University,2
194693,Rabbinical College Beth Shraga,2
194189,Ohr Hameir Theological Seminary,2
195526,Skidmore College,2
196033,SUNY College of Agriculture and Technology at Cobleskill,2
195003,Rochester Institute of Technology,2
195030,University of Rochester,2
198419,Duke University,5
198756,Johnson C Smith University,5
199120,University of North Carolina at Chapel Hill,5
199139,University of North Carolina at Charlotte,5
199643,Shaw University,5
198950,Meredith College,5
198969,Methodist University,5
198516,Elon University,5
198543,Fayetteville State University,5
200800,University of Akron Main Campus,3
200226,Mayville State University,4
200156,University of Jamestown,4
202763,The University of Findlay,3
202806,Franklin University,3
202170,Columbus College of Art and Design,3
204200,Mount Saint Joseph University,3
203580,Lake Erie College,3
202480,University of Dayton,3
202523,Denison University,3
206279,Union Institute & University,3
206330,Urbana University,3
234173,Virginia Wesleyan University,5
235316,Gonzaga University,8
234030,Virginia Commonwealth University,5
234076,University of Virginia-Main Campus,5
237330,Concord University,5
237899,West Virginia State University,5
236230,Pacific Lutheran University,8
237950,West Virginia University Institute of Technology,5
237969,West Virginia Wesleyan College,5
237640,Ohio Valley University,5
240426,University of Wisconsin-Superior,3
239080,Marian University,3
238193,Alverno College,3
240453,University of Wisconsin-Milwaukee,3
240480,University of Wisconsin-Stevens Point,3
239390,Mount Mary University,3
241410,Pontifical Catholic University of Puerto Rico-Ponce,9
242699,Inter American University of Puerto Rico-Guayama,9
367936,Argosy University-Atlanta,5
392840,Watkins College of Art Design & Film,5
138716,Albany State University,5
140696,Oglethorpe University,5
140720,Paine College,5
138789,Armstrong State University,5
138813,The Art Institute of Atlanta,5
139393,Covenant College,5
139463,Dalton State College,5
141486,Chaminade University of Honolulu,8
142090,Boise Bible College,7
150756,Hanover College,3
152336,University of Saint Francis-Fort Wayne,3
152390,Saint Mary's College,3
152530,Taylor University,3
152600,Valparaiso University,3
153250,Dordt College,4
153269,Drake University,4
152673,Wabash College,3
153320,Faith Baptist Bible College and Theological Seminary,4
154350,Simpson College,4
153409,Kaplan University-Mason City Campus,4
154013,Mount Mercy University,4
155973,Tabor College,4
154590,William Penn University,4
155496,Manhattan Christian College,4
155070,Barclay College,4
155520,MidAmerica Nazarene University,4
156213,Asbury University,5
156286,Bellarmine University,5
157386,Morehead State University,5
157809,Thomas More College,5
247773,Yeshiva Gedolah of Greater Detroit,3
245883,Antioch University-Seattle,8
245953,Mid-America Christian University,6
260813,Platt College-Aurora,7
262086,Brandman University,8
363916,Caribbean University-Vega Baja,9
375230,Yeshiva Gedolah Imrei Yosef D'spinka,2
414823,Johnson & Wales University-North Miami,5
420866,Argosy University-Schaumburg,3
109785,Azusa Pacific University,8
108232,Academy of Art University,8
107558,University of the Ozarks,5
110422,California Polytechnic State University-San Luis Obispo,8
110495,California State University-Stanislaus,8
112075,Concordia University-Irvine,8
111188,California State University Maritime Academy,8
110538,California State University-Chico,8
110565,California State University-Fullerton,8
110592,California State University-Los Angeles,8
113698,Dominican University of California,8
110635,University of California-Berkeley,8
110662,University of California-Los Angeles,8
110705,University of California-Santa Barbara,8
110778,Sofia University,8
115755,Humboldt State University,8
117168,Laguna College of Art and Design,8
117928,Argosy University-The Art Institute of California-San Francisco,8
122728,William Jessup University,8
122755,San Jose State University,8
123572,Sonoma State University,8
121345,Pomona College,8
126702,The Art Institute of Colorado,7
127565,Metropolitan State University of Denver,7
126818,Colorado State University-Fort Collins,7
126182,Adams State University,7
126562,University of Colorado Denver/Anschutz Medical Campus,7
126678,Colorado College,7
129215,Eastern Connecticut State University,1
131098,Wesley College,2
132602,Bethune-Cookman University,5
132842,Carlos Albizu University-Miami,5
132408,The Baptist College of Florida,5
134945,Jacksonville University,5
136172,University of North Florida,5
136215,Nova Southeastern University,5
137032,Saint Leo University,5
137272,Saint John Vianney College Seminary,5
138868,Point University,5
140818,Piedmont College,5
143118,Aurora University,3
140872,Reinhardt University,5
142285,University of Idaho,7
142328,Lewis-Clark State College,7
143288,Blackburn College,3
140988,Shorter University,5
142522,Brigham Young University-Idaho,7
433004,American University of Health Sciences,8
432241,University of Phoenix-Oregon,8
144962,Elmhurst College,3
145725,Illinois Institute of Technology,3
146612,Lewis University,3
145372,Greenville University,3
148575,Saint Francis Medical Center College of Nursing,3
146825,MacMurray College,3
149505,Trinity Christian College,3
147828,Olivet Nazarene University,3
154518,Waldorf University,4
156082,Washburn University,4
157535,University of Pikeville,5
156745,Georgetown College,5
160612,Southeastern Louisiana University,5
159568,Louisiana College,5
160065,University of Holy Cross,5
161235,University of Maine at Fort Kent,1
163462,Mount St. Mary's University,2
163532,Ner Israel Rabbinical College,2
162928,Johns Hopkins University,2
163578,Notre Dame of Maryland University,2
165662,Emerson College,1
164632,Bay Path University,1
167358,Northeastern University,1
166452,Lesley University,1
167455,Pine Manor College,1
166948,Mount Ida College,1
168342,Williams College,1
167835,Smith College,1
167288,Massachusetts College of Liberal Arts,1
168528,Adrian College,3
170082,Grand Valley State University,3
170842,Marygrove College,3
171128,Michigan Technological University,3
169798,Eastern Michigan University,3
170675,Lawrence Technological University,3
175272,Winona State University,4
175342,Alcorn State University,5
174525,Oak Hills Christian College,4
177968,Lindenwood University,4
176965,University of Central Missouri,4
177418,Fontbonne University,4
176318,Rust College,5
177542,Hannibal-LaGrange University,4
176372,University of Southern Mississippi,5
178208,Midwestern Baptist Theological Seminary,4
179548,Stephens College,4
180692,The University of Montana-Western,7
180832,Clarkson College,4
181428,University of Nebraska Medical Center,4
181002,Creighton University,4
182458,Sierra Nevada College,8
184612,Felician University,2
104188,Southwest University of Visual Arts-Tucson,6
106245,University of Arkansas at Little Rock,5
133872,Adventist University of Health Sciences,5
133465,South University-West Palm Beach,5
133492,Eckerd College,5
137148,Argosy University-Sarasota,5
137962,Trinity College of Florida,5
138275,Warner University,5
139658,Emory University,5
140252,Life University,5
139755,Georgia Institute of Technology-Main Campus,5
139205,Brewton-Parker College,5
141565,University of Hawaii at Hilo,8
143358,Bradley University,3
141185,Toccoa Falls College,5
143048,School of the Art Institute of Chicago,3
141325,Wesleyan College,5
142115,Boise State University,7
145558,Rosalind Franklin University of Medicine and Science,3
144005,Chicago State University,3
144892,Eastern Illinois University,3
147165,Midstate College,3
148335,Robert Morris University Illinois,3
154095,University of Northern Iowa,4
153162,Cornell College,4
153658,University of Iowa,4
154235,Saint Ambrose University,4
152798,Allen College,4
153375,Grand View University,4
155812,University of Saint Mary,4
157058,Kentucky State University,5
157085,University of Kentucky,5
149772,Western Illinois University,3
149028,Saint Anthony College of Nursing,3
149222,Southern Illinois University-Carbondale,3
148405,Rockford University,3
150145,Bethel College-Indiana,3
150172,Calumet College of Saint Joseph,3
151102,Indiana University-Purdue University-Fort Wayne,3
150455,Earlham College,3
150668,Goshen College,3
152248,Purdue University-Calumet Campus,3
152318,Rose-Hulman Institute of Technology,3
151342,Indiana University-South Bend,3
151388,Indiana University-East,3
153108,Central College,4
153278,University of Dubuque,4
153825,Loras College,4
152992,Briar Cliff University,4
154022,Ashford University,8
155025,Emporia State University,4
154688,Baker University,4
156125,Wichita State University,4
154712,Benedictine College,4
156295,Berea College,5
154855,Central Christian College of Kansas,4
156365,Campbellsville University,5
156408,Centre College,5
155335,Newman University,4
157818,Transylvania University,5
159382,Louisiana State University-Alexandria,5
158802,Dillard University,5
160658,University of Louisiana at Lafayette,5
160038,Northwestern State University of Louisiana,5
160755,Tulane University of Louisiana,5
161518,Saint Joseph's College of Maine,1
163268,University of Maryland-Baltimore County,2
161572,Unity College,1
163295,Maryland Institute College of Art,2
163338,University of Maryland Eastern Shore,2
164465,Amherst College,1
164988,Boston University,1
164492,Anna Maria College,1
165015,Brandeis University,1
164562,Assumption College,1
164748,Berklee College of Music,1
166018,Hampshire College,1
164872,Boston Architectural College,1
168005,Suffolk University,1
173665,Hamline University,4
173328,Concordia University-Saint Paul,4
173452,Martin Luther College,4
106342,Lyon College,5
118888,Mills College,8
119605,National University,8
120698,Palo Alto University,8
119775,Newschool of Architecture and Design,8
120768,Pacific Oaks College,8
120865,Pacific Union College,8
123952,Southern California Institute of Architecture,8
123165,Scripps College,8
124292,Thomas Aquinas College,8
122612,University of San Francisco,8
126775,Colorado School of Mines,7
127185,Fort Lewis College,7
127918,Regis University,7
127945,Rocky Mountain College of Art and Design,7
129242,Fairfield University,1
128498,Albertus Magnus College,1
129525,University of Hartford,1
128902,Connecticut College,1
102058,Selma University,5
434937,Yeshiva College of the Nations Capital,2
451671,University of South Florida-Sarasota-Manatee,5
455664,The Chicago School of Professional Psychology at Los Angeles,8
456481,Polytechnic University of Puerto Rico-Miami,5
164438,New England College of Business and Finance,1
460871,Chamberlain University-Virginia,5
466921,Chamberlain University-Missouri,4
462354,John Paul the Great Catholic University,8
468024,South University-Novi,3
475121,South University-Savannah Online,5
475741,Chamberlain University-Indiana,3
476601,Bais HaMedrash and Mesivta of Baltimore,2
480134,Elizabethtown College School of Continuing and Professional Studies,2
481401,Grace School of Theology,6
482477,DeVry University-Illinois,3
483124,Arizona State University-Skysong,6
482547,DeVry University-Nevada,8
482361,National American University-Wichita West,4
482431,DeVry University-California,8
486284,Bethany Global University,4
486017,Yeshiva Gedola Ohr Yisrael,2
486901,Milligan College,5
486947,Chamberlain University-Michigan,3
487524,Husson University,1
488004,Central Yeshiva Beth Joseph,2
488031,Abraham Lincoln University,8
488314,Beth Medrash of Asbury Park,2
155308,Kansas Christian College,4
476717,Be'er Yaakov Talmudic Seminary,2
437097,University of Management and Technology,5
451404,Talmudical Seminary of Bobov,2
454227,Chamberlain University-Illinois,3
452027,The Art Institute of Raleigh-Durham,5
454184,The King's College,2
450094,Argosy University-The Art Institute of California-Sacramento,8
450544,Argosy University-San Diego,8
449931,Averett University-Non-Traditional Programs,5
449764,Visible Music College,5
455257,Yeshiva of Machzikai Hadas,2
480064,Kaplan University-Augusta Campus,1
483984,Morthland College,3
484631,University of Phoenix-California,8
484677,University of Phoenix-Georgia,5
484701,University of Phoenix-Missouri,4
484747,University of Phoenix-Tennessee,5
482574,DeVry University-Ohio,3
482617,DeVry University-Tennessee,5
484871,Rabbinical College Ohr Yisroel,2
489937,Piedmont International University,5
489104,National American University-Westwood Teach-Out Site,7
489344,Chamberlain University-North Carolina,5
190752,Yeshiva of Far Rockaway Derech Ayson Rabbinical Seminary,2
456621,Strayer University-West Virginia,5
459727,Touro University Worldwide,8
457484,Pacific Rim Christian University,8
457697,City Vision University,4
458964,Strayer University-South Carolina,5
459824,Touro University Nevada,8
459851,Herzing University-Brookfield,3
450377,Strayer University-Alabama,5
459994,Strayer University-Global Region,2
444927,The Art Institute of Tucson,6
445267,Central Methodist University-College of Graduate and Extended Studies,4
445391,University of Phoenix-Kentucky,5
443544,University of Phoenix-Indiana,3
443784,Strayer University-Pennsylvania,2
443331,West Coast University-Los Angeles,8
399911,Soka University of America,8
445027,American InterContinental University,3
446394,Maple Springs Baptist Bible College and Seminary,2
448284,Doane University-Graduate and Professional Studies,4
448734,Argosy University-Denver,7
448761,CollegeAmerica-Fort Collins,7
448567,University of Phoenix-South Carolina,5
384254,Beacon College,5
446604,Uta Mesivta of Kiryas Joel,2
441937,California State University-Channel Islands,8
206154,Tri-State Bible College,3
163912,St Mary's College of Maryland,2
165802,Fisher College,1
168148,Tufts University,1
168218,Wellesley College,1
167598,Regis College,1
166638,University of Massachusetts-Boston,1
166692,Massachusetts Maritime Academy,1
170532,Kalamazoo College,3
169248,Central Michigan University,3
169442,College for Creative Studies,3
171492,Northwood University,3
173045,Augsburg University,4
174075,University of Minnesota-Crookston,4
175005,St Catherine University,4
174792,Saint Johns University,4
174862,Crown College,4
177065,Columbia College,4
176628,Avila University,4
176035,Mississippi University for Women,5
180258,University of Providence,7
178615,Truman State University,4
181738,Union College,4
180522,Montana State University-Northern,7
180595,Rocky Mountain College,7
182795,Franklin Pierce University,1
180878,Bryan College of Health Sciences,4
180948,Chadron State College,4
183062,Keene State College,1
185572,Monmouth University,2
184782,Rowan University,2
183275,Thomas More College of Liberal Arts,1
185828,New Jersey Institute of Technology,2
186432,Saint Peter's University,2
186618,College of Saint Elizabeth,2
188182,University of the Southwest,6
189228,Berkeley College-New York,2
187648,Eastern New Mexico University-Main Campus,6
187745,Institute of American Indian and Alaska Native Culture and Arts Development,6
187985,University of New Mexico-Main Campus,6
190512,CUNY Bernard M Baruch College,2
190248,Concordia College-New York,2
192165,Kehilath Yakov Rabbinical Seminary,2
192925,Medaille College,2
193052,Mesivta Torah Vodaath Rabbinical Seminary,2
195438,Sh'or Yoshuv Rabbinical College,2
194392,Paul Smiths College of Arts and Science,2
195128,The Sage Colleges,2
196088,University at Buffalo,2
196112,SUNY Polytechnic Institute,2
196592,Touro College,2
196158,SUNY at Fredonia,2
196185,SUNY Oneonta,2
197018,United Talmudical Seminary,2
197692,Yeshiva Shaar Hatorah,2
197708,Yeshiva University,2
198215,Catawba College,5
196255,SUNY Downstate Medical Center,2
198695,High Point University,5
199032,Montreat College,5
198385,Davidson College,5
430704,Texas Health and Science University,6
430184,Strayer University-Maryland,2
101675,Miles College,5
102368,Troy University,5
102395,United States Sports Academy,5
101435,Huntingdon College,5
101912,Oakwood University,5
100812,Athens State University,5
100858,Auburn University,5
102298,Talladega College,5
106412,University of Arkansas at Pine Bluff,5
106458,Arkansas State University-Main Campus,5
106102,Western International University,6
108092,University of Arkansas-Fort Smith,5
107512,Ouachita Baptist University,5
111948,Chapman University,8
113582,Design Institute of San Diego,8
110608,California State University-Northridge,8
116712,John F. Kennedy University,8
115728,Holy Names University,8
119058,Middlebury Institute of International Studies at Monterey,8
117575,Southern California Seminary,8
433387,Western Governors University,7
438151,Stevens-Henager College,7
439057,Argosy University-Seattle,8
439701,The King's University,6
233611,Southern Virginia University,5
440341,The Art Institute of Washington,5
439297,University of Phoenix-Ohio,3
440411,Marlboro College Graduate & Professional Studies,1
426314,Embry-Riddle Aeronautical University-Worldwide,5
441511,Apex School of Theology,5
440794,Pillar College,2
442897,Ottawa University-Jeffersonville,3
440457,University of Phoenix-Wisconsin,3
442161,University of Phoenix-Illinois,3
436614,International Baptist College and Seminary,6
436094,Argosy University-Phoenix,6
436827,University of Connecticut-Avery Point,1
120838,Pacific States University,8
146755,Trinity College of Nursing & Health Sciences,3
384421,Rabbi Jacob Joseph School,2
216311,Talmudical Yeshiva of Philadelphia,2
228884,Texas College,6
260947,Christian Life College,3
405854,Rabbinical College of Ohr Shimon Yisroel,2
222831,Angelo State University,6
222877,Arlington Baptist University,6
221661,Southern Adventist University,5
221731,Tennessee Wesleyan University,5
224004,Concordia University Texas,6
224147,Texas A & M University-Corpus Christi,6
224527,East Texas Baptist University,6
229027,The University of Texas at San Antonio,6
228644,The University of Texas Health Science Center at San Antonio,6
230047,Brigham Young University-Hawaii,8
229267,Trinity University,6
229337,Texas Tech University Health Sciences Center,6
230931,Lyndon State College,1
231837,Jefferson College of Health Sciences,5
231077,College of St Joseph,1
230737,Utah Valley University,7
231174,University of Vermont,1
230764,University of Utah,7
231581,Bridgewater College,5
231624,College of William and Mary,5
235024,Cornish College of the Arts,8
234164,Virginia Union University,5
233541,Shenandoah University,5
235097,Eastern Washington University,8
234207,Washington and Lee University,5
243151,University of Puerto Rico-Cayey,9
241377,Caribbean University-Bayamon,9
243197,University of Puerto Rico-Mayaguez,9
241614,Universidad Teologica del Caribe,9
243577,Universidad Politecnica de Puerto Rico,9
377564,University of Washington-Tacoma Campus,8
420574,Arizona State University-Polytechnic,6
419457,Argosy University-Northern Virginia,5
428444,The Art Institute of Phoenix,6
223117,Baptist Missionary Association Theological Seminary,6
224244,Dallas Christian College,6
221847,Tennessee Technological University,5
221971,Union University,5
224554,Texas A & M University-Commerce,6
225511,University of Houston,6
226471,University of Mary Hardin-Baylor,6
227331,Our Lady of the Lake University,6
227881,Sam Houston State University,6
228501,Sul Ross State University,6
229887,Wiley College,6
228787,The University of Texas at Dallas,6
231651,Regent University,5
232557,Liberty University,5
232681,University of Mary Washington,5
230807,Westminster College,7
231554,Bluefield College,5
230834,Castleton University,1
232937,Norfolk State University,5
233684,Strayer University-Virginia,5
235167,The Evergreen State College,8
233277,Radford University,5
233897,The University of Virginia's College at Wise,5
233301,Randolph College,5
233921,Virginia Polytechnic Institute and State University,5
236577,Seattle Pacific University,8
237367,Fairmont State University,5
238324,Bellin College,3
240471,University of Wisconsin-River Falls,3
238661,Edgewood College,3
240727,University of Wyoming,7
240754,University of Guam,9
243601,Universidad del Turabo,9
241191,Universidad Adventista de las Antillas,9
243744,Stanford University,8
242617,Inter American University of Puerto Rico-San German,9
242644,Inter American University of Puerto Rico-Barranquitas,9
243221,University of Puerto Rico-Rio Piedras,9
245731,Yeshiva and Kollel Harbotzas Torah,2
173142,Bethany Lutheran College,4
172608,Walsh College of Accountancy and Business Administration,3
173258,Carleton College,4
173902,Macalester College,4
175078,Southwest Minnesota State University,4
174358,Minnesota State University Moorhead,4
177038,Cleveland University-Kansas City,4
178402,University of Missouri-Kansas City,4
179955,William Jewell College,4
181215,University of Nebraska at Kearney,4
184348,Drew University,2
183822,Bloomfield College,2
185262,Kean University,2
189088,Bard College,2
190558,College of Staten Island CUNY,2
199412,Queens University of Charlotte,5
199582,Saint Augustine's University,5
198835,Lenoir-Rhyne University,5
199148,University of North Carolina at Greensboro,5
198598,Greensboro College,5
199218,University of North Carolina Wilmington,5
199272,William Peace University,5
200217,University of Mary,4
199865,Warren Wilson College,5
201654,Cedarville University,3
201061,Art Academy of Cincinnati,3
211981,Delaware Valley University,2
212911,Haverford College,2
212984,Holy Family University,2
215947,Seton Hill University,2
218964,Winthrop University,5
217624,Allen University,5
218654,University of South Carolina-Beaufort,5
217721,Benedict College,5
219471,University of South Dakota,4
221254,O'More College of Design,5
205124,Rabbinical College Telshe,3
206084,University of Toledo,3
206604,Wright State University-Main Campus,3
206817,Bacone College,6
206914,Cameron University,6
206941,University of Central Oklahoma,6
207041,East Central University,6
207157,Randall University,6
207661,Rogers State University,6
209241,Mount Angel Seminary,8
209287,Multnomah University,8
209551,University of Oregon,8
211477,Central Penn College,2
209807,Portland State University,8
211644,Clarion University of Pennsylvania,2
210401,Willamette University,8
210571,Albright College,2
212674,Gettysburg College,2
213251,Juniata College,2
212197,Elizabethtown College,2
214157,Moravian College,2
214704,Pennsylvania State University-Penn State Berks,2
214591,Pennsylvania State University-Penn State Erie-Behrend College,2
214777,Pennsylvania State University-Main Campus,2
214801,Pennsylvania State University-Penn State Abington,2
214634,Pennsylvania State University-Penn State Shenango,2
215284,University of Pittsburgh-Johnstown,2
216524,Ursinus College,2
216764,West Chester University of Pennsylvania,2
216357,Thiel College,2
201104,Ashland University,3
199962,Wingate University,5
200484,Trinity Bible College and Graduate School,4
202134,Cleveland State University,3
204194,Mount Vernon Nazarene University,3
202514,Defiance College,3
203757,Lourdes University,3
204501,Oberlin College,3
204617,Ohio Dominican University,3
205027,Pontifical College Josephinum,3
205957,Franciscan University of Steubenville,3
206437,Walsh University,3
206491,Wilberforce University,3
206507,Wilmington College,3
204857,Ohio University-Main Campus,3
207847,Southeastern Oklahoma State University,6
207324,Oklahoma Christian University,6
207351,Oklahoma Panhandle State University,6
207971,University of Tulsa,6
211291,Bucknell University,2
211361,California University of Pennsylvania,2
211431,Carlow University,2
211024,Clarks Summit University,2
210304,Warner Pacific College,8
210331,Corban University,8
212771,Gratz College,2
213321,King's College,2
213367,La Salle University,2
217961,Converse College,5
219091,Dakota Wesleyan University,4
218724,Coastal Carolina University,5
217864,Citadel Military College of South Carolina,5
217907,Coker College,5
218061,Francis Marion University,5
218414,Newberry College,5
218441,North Greenville University,5
219347,South Dakota School of Mines and Technology,4
191205,Five Towns College,2
190372,Cooper Union for the Advancement of Science and Art,2
189705,Canisius College,2
190415,Cornell University,2
189848,Cazenovia College,2
190655,CUNY New York City College of Technology,2
190725,Daemen College,2
191515,Hamilton College,2
193292,Molloy College,2
192192,Keuka College,2
192448,LIU Post,2
193645,The College of New Rochelle,2
191968,Ithaca College,2
192712,Manhattan School of Music,2
194578,Pratt Institute-Main,2
194958,Roberts Wesleyan College,2
196042,Farmingdale State College,2
197045,Utica College,2
197735,Yeshivath Viznitz,2
199458,Mid-Atlantic Christian University,5
199102,North Carolina A & T State University,5
198808,Lees-McRae College,5
198862,Livingstone College,5
199698,St. Andrews University,5
200004,Western Carolina University,5
201371,Bluffton University,3
200624,The Art Institute of Cincinnati-AIC College of Design,3
201441,Bowling Green State University-Main Campus,3
201964,Ohio Christian University,3
204024,Miami University-Oxford,3
203517,Kent State University at Kent,3
203544,Kettering College,3
204264,Muskingum University,3
225414,University of Houston-Clear Lake,6
226231,LeTourneau University,6
225627,University of the Incarnate Word,6
226587,McMurry University,6
225247,Hardin-Simmons University,6
226091,Lamar University,6
227757,Rice University,6
228431,Stephen F Austin State University,6
228981,Texas Lutheran University,6
229814,West Texas A & M University,6
233374,University of Richmond,5
235547,Bastyr University,8
234827,Central Washington University,8
237181,Bethany College,5
237011,Western Washington University,8
237057,Whitman College,8
239071,Maranatha Baptist University,3
240444,University of Wisconsin-Madison,3
240107,Viterbo University,3
239017,Lawrence University,3
240277,University of Wisconsin-Green Bay,3
240374,University of Wisconsin-Parkside,3
240417,University of Wisconsin-Stout,3
241951,Escuela de Artes Plasticas y Diseno de Puerto Rico,9
241331,Carlos Albizu University-San Juan,9
245777,Bais Medrash Elyon,2
245847,Antioch University-Santa Barbara,8
260901,Kaplan University-Davenport Campus,4
363907,Caribbean University-Ponce,9
363934,University of Advancing Technology,6
366711,California State University-San Marcos,8
367884,Hodges University,5
367194,McNally Smith College of Music,4
405997,University of Phoenix-New Mexico,6
416801,The University of Texas MD Anderson Cancer Center,6
212054,Drexel University,2
213011,Immaculata University,2
212577,Franklin and Marshall College,2
212601,Gannon University,2
213507,Lebanon Valley College,2
214731,Pennsylvania State University-Penn State Brandywine,2
213987,Mercyhurst University,2
215114,Cairn University-Langhorne,2
214041,Millersville University of Pennsylvania,2
216597,Villanova University,2
